# m [GeV], BG [GeV^{−2}],  BGq [GeV^{−2}], smearingWidth, Qsg2muRatio, dqMin [fm]
0.1791, 5.1470, 0.2931, 0.5684, 0.5505, 0.2486
0.051, 3.526, 0.164, 0.654, 0.642, 0.265
0.089, 4.118, 0.344, 0.527, 0.59, 0.146
0.136, 3.608, 0.47, 0.685, 0.616, 0.436
0.096, 4.221, 0.31, 0.602, 0.604, 0.251
0.059, 4.165, 0.285, 0.631, 0.613, 0.281
0.075, 3.764, 0.357, 0.615, 0.603, 0.34
0.113, 3.512, 0.273, 0.546, 0.598, 0.441
0.138, 3.607, 0.588, 0.488, 0.554, 0.375
0.066, 3.958, 0.188, 0.566, 0.611, 0.233
0.064, 3.644, 0.32, 0.423, 0.598, 0.364
0.112, 3.992, 0.27, 0.544, 0.627, 0.002
0.142, 3.596, 0.36, 0.629, 0.593, 0.256
0.113, 4.228, 0.288, 0.554, 0.609, 0.208
0.087, 3.842, 0.34, 0.463, 0.585, 0.455
0.103, 3.497, 0.403, 0.7, 0.602, 0.427
0.059, 3.617, 0.311, 0.611, 0.592, 0.139
0.115, 5.249, 0.333, 0.6, 0.6, 0.126
0.1, 3.176, 0.355, 0.822, 0.627, 0.374
0.112, 3.728, 0.465, 0.665, 0.587, 0.222
0.07, 3.229, 0.227, 0.629, 0.621, 0.265
0.103, 3.414, 0.347, 0.625, 0.631, 0.488
0.146, 4.493, 0.44, 0.592, 0.552, 0.092
0.167, 4.175, 0.344, 0.55, 0.582, 0.473
0.071, 3.911, 0.15, 0.641, 0.637, 0.432
0.059, 4.297, 0.193, 0.425, 0.614, 0.233
0.053, 3.675, 0.24, 0.635, 0.601, 0.327
0.083, 3.513, 0.367, 0.506, 0.593, 0.166
0.061, 3.282, 0.194, 0.535, 0.629, 0.465
0.057, 3.241, 0.356, 0.58, 0.61, 0.433
0.101, 4.036, 0.205, 0.542, 0.623, 0.272
0.105, 4.165, 0.291, 0.6, 0.598, 0.182
0.056, 3.859, 0.201, 0.56, 0.607, 0.069
0.123, 4.296, 0.42, 0.435, 0.573, 0.124
0.11, 3.831, 0.364, 0.626, 0.587, 0.046
0.123, 3.51, 0.312, 0.647, 0.597, 0.332
0.067, 3.549, 0.517, 0.514, 0.557, 0.08
0.052, 4.296, 0.111, 0.585, 0.655, 0.029
0.095, 3.427, 0.287, 0.54, 0.578, 0.178
0.172, 4.426, 0.419, 0.525, 0.577, 0.448
0.086, 4.034, 0.376, 0.506, 0.583, 0.002
0.121, 3.788, 0.217, 0.635, 0.618, 0.359
0.096, 3.897, 0.398, 0.499, 0.597, 0.364
0.052, 3.762, 0.28, 0.406, 0.613, 0.254
0.108, 3.984, 0.219, 0.499, 0.606, 0.34
0.087, 3.349, 0.336, 0.652, 0.625, 0.381
0.098, 3.929, 0.303, 0.712, 0.62, 0.095
0.107, 4.062, 0.355, 0.508, 0.581, 0.363
0.077, 3.851, 0.437, 0.617, 0.603, 0.15
0.125, 3.765, 0.318, 0.579, 0.588, 0.407
0.097, 3.851, 0.355, 0.537, 0.574, 0.49
0.133, 4.344, 0.545, 0.498, 0.574, 0.254
0.115, 3.262, 0.212, 0.544, 0.613, 0.493
0.126, 3.936, 0.56, 0.686, 0.581, 0.028
0.125, 3.663, 0.435, 0.696, 0.565, 0.483
0.133, 3.777, 0.3, 0.507, 0.584, 0.363
0.058, 4.077, 0.194, 0.572, 0.605, 0.095
0.065, 3.865, 0.247, 0.7, 0.621, 0.089
0.078, 3.533, 0.115, 0.489, 0.616, 0.381
0.126, 3.767, 0.197, 0.442, 0.613, 0.283
0.104, 3.551, 0.263, 0.628, 0.606, 0.36
0.058, 3.321, 0.181, 0.563, 0.595, 0.293
0.099, 4.296, 0.263, 0.516, 0.593, 0.256
0.165, 3.896, 0.511, 0.566, 0.576, 0.032
0.087, 4.047, 0.149, 0.499, 0.619, 0.027
0.075, 3.689, 0.189, 0.598, 0.618, 0.247
0.085, 3.629, 0.308, 0.521, 0.636, 0.405
0.105, 4.667, 0.311, 0.555, 0.596, 0.144
0.093, 3.686, 0.266, 0.493, 0.583, 0.447
0.125, 3.775, 0.235, 0.538, 0.581, 0.442
0.107, 4.006, 0.515, 0.613, 0.58, 0.231
0.073, 4.125, 0.225, 0.599, 0.608, 0.388
0.132, 4.005, 0.258, 0.569, 0.611, 0.077
0.095, 3.347, 0.261, 0.481, 0.639, 0.484
0.148, 3.885, 0.309, 0.593, 0.571, 0.384
0.111, 3.803, 0.369, 0.623, 0.622, 0.186
0.131, 4.296, 0.402, 0.454, 0.573, 0.307
0.117, 4.065, 0.401, 0.445, 0.584, 0.449
0.08, 3.902, 0.312, 0.569, 0.583, 0.02
0.056, 4.294, 0.246, 0.451, 0.608, 0.054
0.061, 3.393, 0.288, 0.708, 0.631, 0.405
0.099, 4.253, 0.378, 0.406, 0.558, 0.028
0.207, 3.347, 0.506, 0.446, 0.555, 0.491
0.163, 3.954, 0.362, 0.446, 0.568, 0.248
0.103, 4.363, 0.405, 0.621, 0.584, 0.097
0.082, 3.67, 0.299, 0.642, 0.626, 0.143
0.065, 3.631, 0.281, 0.618, 0.622, 0.298
0.098, 3.482, 0.336, 0.508, 0.579, 0.468
0.141, 3.244, 0.369, 0.563, 0.6, 0.399
0.117, 3.776, 0.372, 0.587, 0.612, 0.258
0.102, 3.498, 0.252, 0.516, 0.596, 0.355
0.159, 3.485, 0.484, 0.463, 0.559, 0.459
0.069, 3.717, 0.277, 0.48, 0.614, 0.183
0.056, 3.367, 0.285, 0.539, 0.598, 0.289
0.106, 3.728, 0.408, 0.585, 0.619, 0.222
0.117, 3.478, 0.315, 0.602, 0.6, 0.479
0.063, 4.267, 0.278, 0.535, 0.618, 0.031
0.169, 3.798, 0.477, 0.407, 0.539, 0.439
0.062, 3.489, 0.316, 0.566, 0.607, 0.204
0.087, 3.919, 0.253, 0.516, 0.607, 0.191
0.082, 3.461, 0.337, 0.513, 0.616, 0.413
0.086, 3.908, 0.245, 0.543, 0.626, 0.046
0.144, 4.191, 0.277, 0.607, 0.608, 0.388
0.085, 4.499, 0.365, 0.461, 0.59, 0.123
0.084, 3.834, 0.145, 0.507, 0.63, 0.084
0.078, 3.95, 0.126, 0.526, 0.621, 0.132
0.143, 2.959, 0.401, 0.8, 0.599, 0.358
0.152, 3.978, 0.461, 0.513, 0.587, 0.117
0.062, 4.572, 0.14, 0.546, 0.628, 0.044
0.098, 4.596, 0.26, 0.559, 0.609, 0.002
0.08, 4.126, 0.227, 0.44, 0.605, 0.008
0.101, 4.43, 0.365, 0.519, 0.58, 0.053
0.115, 3.858, 0.51, 0.49, 0.546, 0.264
0.062, 4.147, 0.165, 0.574, 0.636, 0.124
0.14, 3.932, 0.436, 0.626, 0.59, 0.228
0.167, 4.141, 0.416, 0.615, 0.563, 0.372
0.07, 4.534, 0.248, 0.496, 0.626, 0.164
0.127, 4.09, 0.267, 0.534, 0.602, 0.122
0.131, 3.19, 0.305, 0.707, 0.63, 0.343
0.078, 4.036, 0.362, 0.43, 0.58, 0.012
0.068, 3.618, 0.199, 0.629, 0.625, 0.282
0.082, 4.376, 0.194, 0.444, 0.604, 0.282
0.091, 3.846, 0.342, 0.522, 0.577, 0.449
0.108, 3.73, 0.273, 0.452, 0.618, 0.372
0.101, 3.906, 0.296, 0.451, 0.579, 0.224
0.111, 4.061, 0.364, 0.557, 0.605, 0.177
0.171, 3.747, 0.474, 0.496, 0.566, 0.259
0.087, 3.701, 0.322, 0.507, 0.585, 0.286
0.058, 4.444, 0.269, 0.535, 0.618, 0.004
0.055, 3.778, 0.215, 0.651, 0.63, 0.191
0.059, 3.899, 0.178, 0.522, 0.61, 0.073
0.119, 3.974, 0.405, 0.627, 0.613, 0.185
0.138, 3.843, 0.455, 0.649, 0.571, 0.294
0.136, 3.794, 0.457, 0.634, 0.583, 0.422
0.06, 3.646, 0.198, 0.635, 0.612, 0.382
0.113, 4.193, 0.24, 0.458, 0.611, 0.069
0.062, 3.629, 0.306, 0.608, 0.615, 0.425
0.206, 4.284, 0.437, 0.48, 0.543, 0.429
0.125, 3.431, 0.415, 0.519, 0.587, 0.177
0.106, 3.652, 0.315, 0.522, 0.598, 0.304
0.103, 3.857, 0.434, 0.483, 0.587, 0.437
0.084, 3.726, 0.244, 0.539, 0.615, 0.267
0.124, 3.899, 0.283, 0.624, 0.621, 0.226
0.051, 4.045, 0.203, 0.61, 0.618, 0.227
0.086, 4.091, 0.168, 0.585, 0.624, 0.104
0.173, 3.93, 0.449, 0.527, 0.569, 0.355
0.108, 3.782, 0.332, 0.602, 0.588, 0.447
0.063, 4.049, 0.185, 0.469, 0.641, 0.066
0.068, 3.513, 0.202, 0.548, 0.621, 0.394
0.081, 3.292, 0.227, 0.702, 0.629, 0.287
0.177, 3.73, 0.442, 0.41, 0.542, 0.448
0.062, 3.994, 0.198, 0.419, 0.579, 0.349
0.105, 4.129, 0.328, 0.545, 0.618, 0.361
0.105, 3.609, 0.421, 0.609, 0.596, 0.466
0.125, 3.878, 0.244, 0.555, 0.598, 0.479
0.117, 3.914, 0.469, 0.69, 0.581, 0.123
0.146, 3.426, 0.404, 0.648, 0.591, 0.475
0.085, 4.366, 0.223, 0.55, 0.605, 0.015
0.224, 3.702, 0.63, 0.543, 0.542, 0.418
0.132, 4.024, 0.466, 0.667, 0.579, 0.288
0.172, 3.433, 0.369, 0.643, 0.574, 0.499
0.104, 3.478, 0.19, 0.626, 0.614, 0.299
0.092, 3.411, 0.243, 0.677, 0.621, 0.451
0.108, 3.798, 0.391, 0.651, 0.579, 0.415
0.055, 4.017, 0.228, 0.592, 0.611, 0.263
0.122, 3.907, 0.396, 0.568, 0.597, 0.231
0.103, 3.311, 0.403, 0.503, 0.582, 0.471
0.145, 3.654, 0.387, 0.502, 0.562, 0.34
0.088, 4.354, 0.219, 0.483, 0.61, 0.225
0.106, 3.495, 0.396, 0.734, 0.599, 0.146
0.076, 4.203, 0.317, 0.458, 0.587, 0.032
0.151, 3.947, 0.509, 0.576, 0.597, 0.167
0.122, 3.962, 0.215, 0.492, 0.594, 0.427
0.062, 4.157, 0.108, 0.336, 0.612, 0.0
0.16, 3.953, 0.284, 0.529, 0.595, 0.315
0.109, 3.812, 0.407, 0.542, 0.6, 0.168
0.16, 3.888, 0.401, 0.542, 0.567, 0.363
0.076, 3.795, 0.292, 0.47, 0.586, 0.477
0.16, 3.256, 0.529, 0.601, 0.575, 0.458
0.07, 3.765, 0.417, 0.573, 0.585, 0.175
0.132, 4.107, 0.378, 0.463, 0.59, 0.298
0.127, 4.195, 0.349, 0.509, 0.58, 0.129
0.156, 3.877, 0.255, 0.631, 0.633, 0.286
0.125, 3.606, 0.449, 0.589, 0.562, 0.26
0.107, 4.464, 0.396, 0.529, 0.596, 0.136
0.08, 3.395, 0.162, 0.515, 0.62, 0.428
0.112, 4.231, 0.287, 0.567, 0.572, 0.196
0.1, 3.741, 0.226, 0.663, 0.625, 0.457
0.133, 3.809, 0.313, 0.537, 0.608, 0.275
0.068, 3.728, 0.403, 0.675, 0.597, 0.014
0.106, 4.346, 0.259, 0.525, 0.614, 0.194
0.084, 4.665, 0.327, 0.498, 0.585, 0.119
0.13, 3.79, 0.332, 0.518, 0.597, 0.325
0.087, 3.344, 0.293, 0.587, 0.589, 0.454
0.062, 3.538, 0.502, 0.577, 0.608, 0.37
0.06, 3.76, 0.299, 0.587, 0.629, 0.254
0.117, 3.849, 0.278, 0.406, 0.591, 0.419
0.061, 4.123, 0.107, 0.543, 0.638, 0.478
0.08, 4.406, 0.368, 0.546, 0.578, 0.275
0.059, 3.363, 0.225, 0.543, 0.602, 0.193
0.07, 3.703, 0.149, 0.58, 0.604, 0.481
0.104, 4.609, 0.385, 0.457, 0.565, 0.057
0.1, 4.12, 0.245, 0.627, 0.596, 0.354
0.099, 3.688, 0.244, 0.751, 0.604, 0.274
0.127, 3.38, 0.263, 0.632, 0.587, 0.479
0.082, 3.639, 0.398, 0.566, 0.598, 0.495
0.082, 3.881, 0.412, 0.693, 0.587, 0.301
0.149, 3.654, 0.604, 0.565, 0.559, 0.336
0.077, 3.806, 0.286, 0.521, 0.605, 0.444
0.086, 3.954, 0.197, 0.492, 0.608, 0.18
0.13, 3.544, 0.602, 0.484, 0.555, 0.49
0.067, 3.463, 0.301, 0.692, 0.627, 0.368
0.102, 4.074, 0.189, 0.477, 0.593, 0.133
0.127, 3.854, 0.3, 0.564, 0.593, 0.383
0.082, 3.601, 0.204, 0.681, 0.625, 0.346
0.087, 4.258, 0.145, 0.515, 0.639, 0.142
0.077, 3.8, 0.107, 0.659, 0.639, 0.333
0.185, 3.29, 0.533, 0.536, 0.561, 0.411
0.172, 3.429, 0.526, 0.439, 0.52, 0.466
0.087, 3.887, 0.226, 0.619, 0.619, 0.204
0.085, 3.912, 0.298, 0.479, 0.609, 0.131
0.128, 3.347, 0.492, 0.526, 0.557, 0.47
0.098, 4.011, 0.363, 0.429, 0.595, 0.073
0.117, 3.256, 0.226, 0.665, 0.634, 0.492
0.068, 3.911, 0.349, 0.72, 0.616, 0.143
0.089, 4.241, 0.327, 0.508, 0.598, 0.122
0.077, 3.76, 0.295, 0.596, 0.616, 0.279
0.081, 4.479, 0.297, 0.472, 0.58, 0.292
0.105, 4.113, 0.19, 0.606, 0.596, 0.481
0.102, 3.441, 0.288, 0.617, 0.6, 0.467
0.083, 3.705, 0.192, 0.558, 0.604, 0.366
0.05, 3.627, 0.149, 0.587, 0.614, 0.287
0.146, 3.672, 0.25, 0.644, 0.609, 0.412
0.087, 3.545, 0.222, 0.678, 0.605, 0.436
0.065, 4.417, 0.217, 0.454, 0.618, 0.2
0.09, 3.388, 0.423, 0.675, 0.605, 0.086
0.119, 3.96, 0.415, 0.499, 0.578, 0.396
0.082, 3.786, 0.307, 0.578, 0.606, 0.295
0.186, 3.877, 0.501, 0.53, 0.549, 0.207
0.109, 4.434, 0.342, 0.659, 0.596, 0.162
0.187, 3.819, 0.642, 0.576, 0.56, 0.23
0.062, 3.963, 0.274, 0.47, 0.622, 0.109
0.069, 3.511, 0.275, 0.708, 0.631, 0.163
0.139, 3.898, 0.396, 0.583, 0.594, 0.373
0.132, 3.918, 0.452, 0.652, 0.591, 0.091
0.086, 4.056, 0.298, 0.592, 0.586, 0.272
0.183, 3.892, 0.412, 0.546, 0.568, 0.235
0.122, 4.21, 0.547, 0.522, 0.585, 0.126
0.064, 3.726, 0.226, 0.627, 0.614, 0.318
0.067, 3.575, 0.434, 0.467, 0.579, 0.207
0.111, 3.838, 0.3, 0.6, 0.599, 0.32
0.104, 3.821, 0.27, 0.514, 0.584, 0.368
0.072, 3.751, 0.221, 0.374, 0.614, 0.127
0.088, 3.415, 0.13, 0.53, 0.642, 0.437
0.091, 3.791, 0.233, 0.465, 0.635, 0.292
0.184, 3.294, 0.599, 0.502, 0.549, 0.333
0.128, 3.117, 0.388, 0.633, 0.586, 0.487
0.11, 4.555, 0.151, 0.494, 0.587, 0.258
0.068, 4.193, 0.262, 0.455, 0.623, 0.023
0.127, 3.749, 0.295, 0.515, 0.583, 0.496
0.091, 3.602, 0.36, 0.554, 0.628, 0.264
0.092, 4.187, 0.243, 0.462, 0.594, 0.162
0.196, 3.021, 0.547, 0.521, 0.552, 0.478
0.124, 3.853, 0.3, 0.637, 0.574, 0.459
0.1, 4.115, 0.217, 0.596, 0.614, 0.244
0.059, 4.093, 0.287, 0.612, 0.596, 0.239
0.091, 4.026, 0.376, 0.499, 0.592, 0.324
0.092, 4.553, 0.175, 0.418, 0.617, 0.17
0.134, 3.872, 0.362, 0.617, 0.578, 0.426
0.099, 3.822, 0.325, 0.509, 0.585, 0.316
0.073, 3.481, 0.292, 0.387, 0.597, 0.456
0.094, 3.79, 0.32, 0.523, 0.598, 0.348
0.175, 3.8, 0.44, 0.642, 0.559, 0.372
0.072, 3.851, 0.279, 0.528, 0.615, 0.235
0.129, 3.905, 0.443, 0.548, 0.569, 0.301
0.158, 4.219, 0.483, 0.559, 0.571, 0.283
0.102, 3.629, 0.104, 0.434, 0.618, 0.311
0.072, 3.923, 0.126, 0.541, 0.616, 0.262
0.079, 3.544, 0.38, 0.484, 0.584, 0.16
0.099, 3.492, 0.297, 0.634, 0.581, 0.468
0.145, 3.672, 0.475, 0.656, 0.569, 0.421
0.135, 4.548, 0.366, 0.594, 0.588, 0.252
0.085, 3.856, 0.272, 0.447, 0.601, 0.342
0.175, 4.023, 0.43, 0.574, 0.586, 0.329
0.095, 4.333, 0.225, 0.559, 0.603, 0.051
0.116, 3.371, 0.448, 0.543, 0.571, 0.42
0.131, 3.751, 0.392, 0.619, 0.588, 0.123
0.097, 4.08, 0.229, 0.378, 0.595, 0.34
0.12, 3.985, 0.314, 0.496, 0.589, 0.115
0.135, 3.744, 0.456, 0.571, 0.545, 0.475
0.129, 4.029, 0.292, 0.436, 0.583, 0.173
0.061, 3.709, 0.12, 0.662, 0.64, 0.349
0.196, 4.283, 0.409, 0.564, 0.586, 0.248
0.111, 3.303, 0.293, 0.533, 0.594, 0.262
0.061, 3.557, 0.147, 0.695, 0.614, 0.152
0.067, 3.909, 0.174, 0.426, 0.607, 0.401
0.123, 3.872, 0.51, 0.606, 0.595, 0.08
0.068, 3.901, 0.302, 0.662, 0.59, 0.246
0.068, 3.716, 0.376, 0.653, 0.599, 0.089
0.071, 4.123, 0.15, 0.484, 0.639, 0.105
0.08, 4.153, 0.313, 0.408, 0.575, 0.184
0.121, 3.415, 0.375, 0.388, 0.568, 0.286
0.106, 4.536, 0.469, 0.575, 0.611, 0.09
0.07, 3.759, 0.114, 0.536, 0.612, 0.187
0.072, 3.842, 0.242, 0.592, 0.593, 0.366
0.052, 3.81, 0.271, 0.466, 0.604, 0.214
0.153, 4.137, 0.263, 0.48, 0.605, 0.218
0.122, 3.444, 0.386, 0.506, 0.564, 0.371
0.096, 3.484, 0.303, 0.52, 0.614, 0.215
0.148, 3.595, 0.337, 0.727, 0.592, 0.42
0.12, 3.865, 0.202, 0.557, 0.607, 0.444
0.085, 3.447, 0.423, 0.588, 0.586, 0.382
0.118, 3.426, 0.415, 0.647, 0.591, 0.129
0.171, 3.652, 0.691, 0.673, 0.539, 0.409
0.056, 3.662, 0.227, 0.575, 0.609, 0.365
0.107, 3.727, 0.147, 0.578, 0.632, 0.215
0.116, 3.326, 0.326, 0.525, 0.598, 0.375
0.12, 3.883, 0.245, 0.455, 0.594, 0.279
0.117, 3.72, 0.375, 0.623, 0.575, 0.479
0.093, 4.461, 0.142, 0.425, 0.62, 0.027
0.106, 3.797, 0.383, 0.463, 0.589, 0.296
0.219, 4.187, 0.481, 0.516, 0.55, 0.312
0.195, 3.224, 0.519, 0.641, 0.557, 0.278
0.065, 3.42, 0.413, 0.511, 0.591, 0.258
0.062, 3.706, 0.35, 0.54, 0.599, 0.167
0.096, 3.316, 0.392, 0.625, 0.576, 0.496
0.052, 3.78, 0.151, 0.485, 0.619, 0.077
0.176, 3.432, 0.321, 0.662, 0.599, 0.479
0.11, 4.031, 0.325, 0.537, 0.591, 0.38
0.075, 3.662, 0.438, 0.508, 0.589, 0.041
0.108, 3.449, 0.28, 0.592, 0.608, 0.135
0.141, 3.905, 0.311, 0.433, 0.578, 0.446
0.122, 3.726, 0.325, 0.7, 0.627, 0.253
0.108, 4.106, 0.356, 0.648, 0.61, 0.162
0.138, 3.981, 0.418, 0.622, 0.574, 0.402
0.106, 3.56, 0.391, 0.6, 0.593, 0.375
0.189, 3.45, 0.419, 0.583, 0.566, 0.463
0.166, 3.981, 0.465, 0.583, 0.573, 0.344
0.118, 3.984, 0.334, 0.52, 0.607, 0.329
0.07, 3.546, 0.338, 0.552, 0.582, 0.325
0.079, 3.667, 0.458, 0.599, 0.582, 0.25
0.072, 3.344, 0.206, 0.504, 0.624, 0.425
0.087, 4.557, 0.363, 0.586, 0.578, 0.298
0.121, 4.844, 0.47, 0.51, 0.547, 0.133
0.058, 3.909, 0.156, 0.551, 0.615, 0.384
0.084, 4.225, 0.15, 0.54, 0.637, 0.141
0.066, 3.714, 0.391, 0.59, 0.589, 0.405
0.106, 3.88, 0.473, 0.51, 0.587, 0.081
0.083, 3.554, 0.548, 0.565, 0.577, 0.329
0.149, 3.471, 0.181, 0.593, 0.615, 0.415
0.12, 2.972, 0.166, 0.579, 0.639, 0.417
0.086, 3.47, 0.201, 0.589, 0.615, 0.28
0.072, 3.774, 0.177, 0.5, 0.622, 0.31
0.055, 3.225, 0.32, 0.638, 0.614, 0.311
0.051, 3.785, 0.199, 0.43, 0.627, 0.066
0.115, 3.797, 0.433, 0.516, 0.578, 0.369
0.058, 3.922, 0.153, 0.589, 0.638, 0.102
0.076, 3.981, 0.278, 0.496, 0.623, 0.105
0.112, 3.694, 0.388, 0.606, 0.587, 0.092
0.149, 4.036, 0.37, 0.531, 0.596, 0.349
0.114, 3.759, 0.181, 0.589, 0.607, 0.464
0.105, 3.514, 0.202, 0.497, 0.592, 0.405
0.118, 3.988, 0.38, 0.692, 0.603, 0.294
0.123, 3.614, 0.516, 0.557, 0.55, 0.499
0.101, 3.292, 0.422, 0.81, 0.623, 0.4
0.075, 3.837, 0.457, 0.586, 0.575, 0.403
0.159, 4.36, 0.596, 0.509, 0.567, 0.269
0.079, 4.319, 0.327, 0.611, 0.606, 0.168
0.123, 4.083, 0.345, 0.547, 0.583, 0.014
0.1, 4.562, 0.145, 0.577, 0.604, 0.271
0.069, 4.349, 0.339, 0.576, 0.615, 0.238
0.083, 3.608, 0.363, 0.624, 0.586, 0.434
0.085, 3.85, 0.365, 0.535, 0.595, 0.276
0.111, 3.934, 0.374, 0.563, 0.6, 0.465
0.1, 3.814, 0.348, 0.442, 0.6, 0.299
0.128, 3.516, 0.155, 0.632, 0.637, 0.312
0.102, 3.183, 0.288, 0.409, 0.574, 0.485
0.097, 4.038, 0.284, 0.535, 0.625, 0.31
0.14, 3.796, 0.536, 0.553, 0.603, 0.198
0.079, 4.221, 0.252, 0.425, 0.606, 0.061
0.081, 3.96, 0.442, 0.544, 0.564, 0.418
0.097, 4.443, 0.208, 0.473, 0.61, 0.041
0.151, 3.416, 0.36, 0.539, 0.57, 0.493
0.134, 3.477, 0.326, 0.602, 0.597, 0.097
0.064, 3.975, 0.377, 0.518, 0.591, 0.25
0.084, 3.454, 0.263, 0.482, 0.601, 0.306
0.154, 3.866, 0.343, 0.624, 0.574, 0.347
0.109, 3.76, 0.235, 0.467, 0.625, 0.435
0.135, 4.096, 0.389, 0.516, 0.553, 0.145
0.057, 4.211, 0.191, 0.561, 0.636, 0.076
0.081, 3.524, 0.154, 0.509, 0.616, 0.377
0.082, 4.283, 0.178, 0.579, 0.655, 0.083
0.114, 3.906, 0.351, 0.522, 0.582, 0.313
0.093, 3.47, 0.172, 0.571, 0.632, 0.401
0.121, 4.126, 0.318, 0.64, 0.611, 0.112
0.107, 3.882, 0.529, 0.591, 0.562, 0.45
0.073, 4.026, 0.339, 0.431, 0.571, 0.097
0.093, 4.034, 0.455, 0.51, 0.555, 0.001
0.099, 3.966, 0.292, 0.544, 0.624, 0.132
0.078, 4.932, 0.214, 0.548, 0.612, 0.065
0.157, 3.181, 0.334, 0.645, 0.606, 0.348
0.087, 4.12, 0.17, 0.491, 0.606, 0.28
0.068, 3.901, 0.302, 0.662, 0.59, 0.246
0.139, 3.703, 0.39, 0.646, 0.612, 0.254
0.071, 3.236, 0.247, 0.548, 0.627, 0.448
0.131, 4.116, 0.501, 0.565, 0.576, 0.293
0.099, 4.322, 0.345, 0.395, 0.582, 0.095
0.089, 3.932, 0.18, 0.399, 0.591, 0.364
0.139, 3.413, 0.434, 0.571, 0.592, 0.159
0.077, 4.104, 0.342, 0.643, 0.599, 0.057
0.074, 4.029, 0.208, 0.596, 0.619, 0.352
0.147, 3.601, 0.334, 0.606, 0.589, 0.481
0.155, 3.705, 0.341, 0.609, 0.57, 0.472
0.084, 3.414, 0.524, 0.626, 0.602, 0.208
0.065, 3.46, 0.243, 0.54, 0.586, 0.3
0.077, 3.579, 0.335, 0.568, 0.559, 0.251
0.102, 3.065, 0.456, 0.652, 0.574, 0.465
0.115, 3.544, 0.275, 0.645, 0.57, 0.404
0.106, 4.507, 0.14, 0.554, 0.623, 0.157
0.063, 3.278, 0.184, 0.588, 0.619, 0.371
0.126, 4.176, 0.22, 0.647, 0.585, 0.156
0.13, 3.083, 0.318, 0.624, 0.596, 0.383
0.124, 3.918, 0.234, 0.532, 0.596, 0.413
0.133, 3.676, 0.33, 0.595, 0.583, 0.347
0.092, 3.641, 0.122, 0.496, 0.624, 0.496
0.079, 4.066, 0.116, 0.524, 0.64, 0.466
0.105, 4.435, 0.346, 0.523, 0.591, 0.271
0.056, 3.938, 0.273, 0.703, 0.645, 0.13
0.101, 3.824, 0.42, 0.671, 0.585, 0.402
0.121, 4.126, 0.244, 0.551, 0.609, 0.457
0.155, 3.581, 0.331, 0.615, 0.59, 0.435
0.107, 4.039, 0.324, 0.509, 0.56, 0.339
0.097, 4.037, 0.398, 0.692, 0.593, 0.347
0.103, 3.962, 0.374, 0.566, 0.602, 0.284
0.086, 4.118, 0.447, 0.606, 0.572, 0.102
0.133, 3.592, 0.311, 0.524, 0.589, 0.116
0.064, 3.809, 0.357, 0.487, 0.601, 0.172
0.065, 4.655, 0.256, 0.502, 0.612, 0.124
0.084, 4.216, 0.161, 0.369, 0.612, 0.02
0.093, 2.972, 0.356, 0.785, 0.621, 0.428
0.098, 3.444, 0.239, 0.542, 0.594, 0.344
0.098, 4.011, 0.363, 0.429, 0.595, 0.073
0.16, 3.886, 0.441, 0.442, 0.578, 0.247
0.109, 4.266, 0.305, 0.435, 0.604, 0.186
0.128, 4.038, 0.339, 0.587, 0.611, 0.033
0.094, 3.77, 0.357, 0.634, 0.596, 0.219
0.083, 3.891, 0.309, 0.403, 0.585, 0.27
0.111, 4.533, 0.283, 0.527, 0.61, 0.171
0.134, 4.411, 0.333, 0.586, 0.581, 0.318
0.099, 4.529, 0.16, 0.518, 0.637, 0.122
0.105, 3.367, 0.259, 0.596, 0.61, 0.452
0.156, 4.444, 0.477, 0.593, 0.585, 0.013
0.077, 4.127, 0.247, 0.399, 0.612, 0.012
0.094, 3.808, 0.27, 0.416, 0.591, 0.305
0.096, 4.045, 0.174, 0.375, 0.621, 0.183
0.138, 3.189, 0.445, 0.541, 0.577, 0.442
0.098, 4.375, 0.268, 0.588, 0.579, 0.042
0.073, 3.92, 0.177, 0.509, 0.6, 0.082
0.143, 3.509, 0.343, 0.568, 0.589, 0.437
0.108, 4.042, 0.208, 0.616, 0.62, 0.303
0.109, 4.243, 0.423, 0.597, 0.583, 0.132
0.075, 4.603, 0.241, 0.474, 0.638, 0.078
0.066, 3.866, 0.284, 0.541, 0.603, 0.27
0.074, 4.339, 0.252, 0.309, 0.618, 0.047
0.058, 3.815, 0.153, 0.619, 0.634, 0.083
0.08, 3.653, 0.236, 0.649, 0.623, 0.377
0.061, 3.895, 0.432, 0.581, 0.607, 0.19
0.112, 3.849, 0.2, 0.471, 0.589, 0.42
0.085, 3.269, 0.191, 0.71, 0.613, 0.439
0.188, 3.654, 0.506, 0.479, 0.566, 0.17
0.145, 4.187, 0.415, 0.583, 0.577, 0.096
0.129, 4.106, 0.398, 0.442, 0.56, 0.474
0.134, 3.62, 0.225, 0.547, 0.601, 0.41
0.117, 4.38, 0.417, 0.589, 0.602, 0.038
0.072, 4.005, 0.301, 0.687, 0.633, 0.148
0.115, 3.51, 0.176, 0.688, 0.604, 0.448
0.095, 3.843, 0.311, 0.453, 0.62, 0.198
0.186, 4.369, 0.457, 0.492, 0.547, 0.441
0.125, 3.335, 0.441, 0.622, 0.591, 0.47
0.083, 3.985, 0.374, 0.51, 0.59, 0.149
0.119, 3.897, 0.299, 0.634, 0.584, 0.466
0.128, 3.689, 0.339, 0.685, 0.579, 0.388
0.068, 3.46, 0.302, 0.739, 0.655, 0.001
0.182, 3.749, 0.433, 0.612, 0.59, 0.311
0.088, 3.929, 0.244, 0.503, 0.605, 0.324
0.096, 4.073, 0.326, 0.5, 0.616, 0.063
0.104, 3.474, 0.208, 0.646, 0.618, 0.441
0.063, 3.811, 0.217, 0.664, 0.618, 0.373
0.07, 4.555, 0.368, 0.556, 0.584, 0.33
0.1, 4.202, 0.395, 0.544, 0.619, 0.064
0.093, 3.943, 0.301, 0.646, 0.615, 0.104
0.057, 3.749, 0.203, 0.797, 0.658, 0.317
0.09, 3.731, 0.422, 0.486, 0.557, 0.296
0.066, 3.849, 0.117, 0.595, 0.648, 0.29
0.093, 4.532, 0.19, 0.572, 0.601, 0.35
0.098, 4.14, 0.462, 0.426, 0.557, 0.233
0.051, 3.884, 0.185, 0.389, 0.63, 0.204
0.093, 3.755, 0.389, 0.545, 0.59, 0.073
0.091, 2.922, 0.326, 0.674, 0.593, 0.435
0.076, 3.744, 0.467, 0.624, 0.593, 0.304
0.127, 3.566, 0.512, 0.686, 0.579, 0.276
0.149, 3.753, 0.507, 0.706, 0.606, 0.164
0.099, 3.967, 0.447, 0.415, 0.569, 0.033
0.141, 3.244, 0.369, 0.563, 0.6, 0.399
0.172, 3.912, 0.502, 0.675, 0.572, 0.435
0.112, 3.402, 0.282, 0.67, 0.622, 0.312
0.117, 4.127, 0.426, 0.562, 0.593, 0.059
0.08, 3.723, 0.122, 0.452, 0.633, 0.01
0.117, 4.104, 0.25, 0.536, 0.615, 0.218
0.132, 4.006, 0.301, 0.706, 0.582, 0.494
0.113, 3.822, 0.324, 0.613, 0.598, 0.442
0.081, 4.454, 0.263, 0.484, 0.623, 0.032
0.112, 3.716, 0.353, 0.558, 0.598, 0.22
0.058, 3.885, 0.121, 0.661, 0.622, 0.332
0.071, 4.111, 0.357, 0.488, 0.6, 0.252
0.102, 3.774, 0.347, 0.526, 0.581, 0.418
0.093, 3.45, 0.359, 0.636, 0.586, 0.091
0.102, 4.288, 0.337, 0.555, 0.594, 0.238
0.091, 3.377, 0.244, 0.584, 0.602, 0.348
0.083, 3.886, 0.266, 0.506, 0.61, 0.025
0.14, 4.128, 0.406, 0.438, 0.594, 0.295
0.077, 4.043, 0.142, 0.573, 0.627, 0.366
0.075, 4.29, 0.223, 0.584, 0.607, 0.316
0.067, 3.781, 0.32, 0.588, 0.619, 0.364
0.168, 3.907, 0.543, 0.61, 0.554, 0.466
0.143, 4.301, 0.294, 0.495, 0.603, 0.363
0.078, 4.209, 0.257, 0.654, 0.588, 0.15
0.069, 4.462, 0.234, 0.608, 0.631, 0.1
0.066, 3.564, 0.273, 0.604, 0.604, 0.413
0.148, 3.531, 0.456, 0.547, 0.586, 0.497
0.092, 3.457, 0.29, 0.631, 0.618, 0.318
0.292, 3.977, 0.724, 0.574, 0.511, 0.443
0.102, 4.351, 0.231, 0.489, 0.594, 0.027
0.06, 3.681, 0.265, 0.437, 0.596, 0.49
0.134, 3.656, 0.401, 0.644, 0.595, 0.329
0.145, 4.194, 0.338, 0.493, 0.571, 0.358
0.09, 3.938, 0.291, 0.394, 0.584, 0.081
0.165, 4.0, 0.43, 0.577, 0.557, 0.466
0.09, 4.327, 0.238, 0.519, 0.603, 0.071
0.118, 3.654, 0.411, 0.599, 0.584, 0.483
0.117, 3.393, 0.44, 0.607, 0.595, 0.33
0.126, 3.894, 0.185, 0.539, 0.608, 0.238
0.06, 4.105, 0.166, 0.522, 0.625, 0.133
0.16, 4.38, 0.495, 0.499, 0.547, 0.163
0.083, 3.584, 0.254, 0.499, 0.645, 0.283
0.096, 3.575, 0.301, 0.53, 0.612, 0.368
0.143, 3.871, 0.135, 0.437, 0.632, 0.382
0.147, 3.341, 0.467, 0.476, 0.574, 0.32
0.079, 4.188, 0.347, 0.613, 0.623, 0.225
0.15, 3.61, 0.284, 0.656, 0.598, 0.396
0.08, 4.305, 0.274, 0.553, 0.613, 0.131
0.093, 3.545, 0.302, 0.513, 0.617, 0.303
0.059, 3.719, 0.169, 0.59, 0.625, 0.453
0.09, 3.756, 0.369, 0.448, 0.597, 0.293
0.069, 4.466, 0.31, 0.678, 0.606, 0.047
0.1, 3.466, 0.262, 0.56, 0.575, 0.314
0.066, 4.403, 0.128, 0.534, 0.636, 0.134
0.082, 3.665, 0.324, 0.456, 0.608, 0.393
0.095, 3.928, 0.238, 0.616, 0.598, 0.303
0.071, 3.982, 0.262, 0.455, 0.601, 0.169
0.082, 4.342, 0.253, 0.54, 0.634, 0.059
0.129, 3.7, 0.422, 0.531, 0.598, 0.073
0.116, 3.253, 0.393, 0.682, 0.585, 0.309
0.128, 3.495, 0.267, 0.55, 0.607, 0.286
0.077, 3.824, 0.29, 0.601, 0.62, 0.129
0.103, 3.445, 0.232, 0.531, 0.608, 0.482
0.069, 4.363, 0.356, 0.62, 0.624, 0.022
0.092, 3.13, 0.206, 0.569, 0.64, 0.372
0.075, 3.995, 0.269, 0.607, 0.628, 0.207
0.113, 3.988, 0.372, 0.576, 0.61, 0.141
0.123, 2.854, 0.351, 0.665, 0.599, 0.455
0.125, 4.648, 0.273, 0.396, 0.589, 0.05
0.097, 3.95, 0.353, 0.47, 0.591, 0.26
0.102, 3.875, 0.326, 0.615, 0.623, 0.102
0.106, 4.356, 0.27, 0.483, 0.619, 0.015
0.144, 3.449, 0.435, 0.597, 0.598, 0.376
0.059, 3.788, 0.263, 0.561, 0.606, 0.263
0.075, 4.009, 0.486, 0.585, 0.588, 0.049
0.073, 3.657, 0.423, 0.672, 0.593, 0.163
0.077, 3.785, 0.317, 0.531, 0.598, 0.295
0.056, 4.083, 0.155, 0.568, 0.624, 0.27
0.108, 4.165, 0.34, 0.547, 0.583, 0.241
0.128, 3.88, 0.351, 0.733, 0.604, 0.361
0.131, 4.027, 0.366, 0.436, 0.562, 0.365
0.068, 3.452, 0.283, 0.5, 0.612, 0.046
0.128, 3.786, 0.337, 0.56, 0.585, 0.405
0.074, 4.511, 0.154, 0.554, 0.628, 0.001
0.15, 3.555, 0.485, 0.587, 0.554, 0.459
0.1, 3.275, 0.345, 0.746, 0.61, 0.431
0.105, 3.395, 0.267, 0.658, 0.635, 0.367
0.117, 3.8, 0.293, 0.659, 0.595, 0.441
0.066, 3.328, 0.401, 0.508, 0.613, 0.205
0.052, 3.621, 0.118, 0.541, 0.604, 0.114
0.118, 3.736, 0.229, 0.42, 0.606, 0.097
0.159, 4.267, 0.562, 0.466, 0.564, 0.282
0.114, 3.692, 0.266, 0.507, 0.585, 0.308
0.079, 4.27, 0.367, 0.595, 0.581, 0.01
0.124, 3.081, 0.441, 0.543, 0.572, 0.422
0.118, 3.426, 0.415, 0.647, 0.591, 0.129
0.051, 4.503, 0.2, 0.558, 0.619, 0.021
0.054, 3.747, 0.197, 0.619, 0.634, 0.142
0.131, 3.346, 0.402, 0.652, 0.593, 0.403
0.1, 3.641, 0.241, 0.588, 0.583, 0.399
0.107, 3.663, 0.211, 0.756, 0.624, 0.474
0.174, 3.583, 0.565, 0.808, 0.583, 0.259
0.071, 3.531, 0.154, 0.619, 0.636, 0.334
0.086, 3.421, 0.262, 0.549, 0.648, 0.228
0.147, 4.159, 0.457, 0.504, 0.573, 0.078
0.069, 4.017, 0.474, 0.654, 0.584, 0.032
0.138, 3.436, 0.335, 0.521, 0.563, 0.454
0.124, 4.072, 0.308, 0.476, 0.595, 0.24
0.063, 3.457, 0.247, 0.652, 0.648, 0.406
0.055, 3.965, 0.208, 0.454, 0.607, 0.039
0.138, 3.454, 0.306, 0.463, 0.592, 0.435
0.053, 3.772, 0.241, 0.648, 0.618, 0.321
0.168, 3.508, 0.56, 0.621, 0.565, 0.43
0.054, 3.749, 0.31, 0.586, 0.613, 0.038
0.134, 3.436, 0.422, 0.577, 0.588, 0.295
0.065, 3.708, 0.354, 0.693, 0.619, 0.184
0.114, 3.956, 0.403, 0.381, 0.579, 0.219
0.149, 4.356, 0.532, 0.525, 0.564, 0.232
0.056, 4.003, 0.161, 0.537, 0.634, 0.1
0.088, 3.621, 0.332, 0.496, 0.602, 0.405
0.064, 4.484, 0.104, 0.529, 0.641, 0.119
0.108, 3.483, 0.376, 0.701, 0.604, 0.223
0.103, 3.844, 0.45, 0.602, 0.576, 0.409
0.116, 3.582, 0.448, 0.622, 0.569, 0.449
0.109, 4.184, 0.319, 0.583, 0.619, 0.153
0.127, 3.997, 0.32, 0.569, 0.609, 0.257
0.104, 4.113, 0.306, 0.579, 0.622, 0.002
0.051, 4.256, 0.149, 0.548, 0.643, 0.084
0.1, 3.959, 0.305, 0.528, 0.616, 0.215
0.138, 3.734, 0.278, 0.588, 0.573, 0.228
0.098, 3.84, 0.266, 0.684, 0.592, 0.04
0.074, 3.839, 0.271, 0.592, 0.591, 0.278
0.072, 3.606, 0.196, 0.541, 0.604, 0.228
0.162, 3.533, 0.328, 0.489, 0.582, 0.392
0.105, 4.055, 0.472, 0.63, 0.582, 0.187
0.104, 3.688, 0.504, 0.572, 0.569, 0.081
0.077, 3.571, 0.465, 0.452, 0.578, 0.478
0.109, 4.594, 0.319, 0.537, 0.579, 0.048
0.063, 3.792, 0.275, 0.578, 0.601, 0.232
0.114, 4.467, 0.488, 0.613, 0.57, 0.311
0.108, 3.997, 0.381, 0.492, 0.593, 0.2
0.142, 4.201, 0.428, 0.709, 0.589, 0.135
0.128, 3.992, 0.251, 0.585, 0.597, 0.101
0.119, 4.616, 0.365, 0.563, 0.586, 0.191
0.063, 4.114, 0.201, 0.454, 0.619, 0.1
0.099, 3.765, 0.272, 0.556, 0.606, 0.222
0.079, 3.68, 0.144, 0.462, 0.638, 0.171
0.152, 3.511, 0.249, 0.496, 0.585, 0.325
0.093, 3.909, 0.161, 0.551, 0.633, 0.445
0.074, 3.644, 0.343, 0.575, 0.615, 0.164
0.104, 4.339, 0.361, 0.551, 0.58, 0.181
0.066, 3.826, 0.437, 0.638, 0.574, 0.123
0.061, 3.945, 0.244, 0.622, 0.641, 0.254
0.089, 3.397, 0.303, 0.678, 0.598, 0.233
0.059, 3.189, 0.415, 0.505, 0.582, 0.472
0.138, 3.866, 0.337, 0.553, 0.584, 0.452
0.142, 3.839, 0.474, 0.56, 0.573, 0.473
0.107, 4.213, 0.353, 0.508, 0.562, 0.176
0.087, 3.965, 0.28, 0.491, 0.585, 0.266
0.09, 4.047, 0.311, 0.571, 0.586, 0.091
0.086, 3.268, 0.182, 0.667, 0.622, 0.461
0.152, 3.768, 0.224, 0.512, 0.586, 0.477
0.055, 3.765, 0.245, 0.571, 0.617, 0.297
0.107, 3.825, 0.286, 0.559, 0.599, 0.495
0.093, 3.959, 0.162, 0.439, 0.618, 0.021
0.121, 3.386, 0.305, 0.448, 0.592, 0.329
0.053, 3.372, 0.26, 0.579, 0.611, 0.474
0.078, 3.766, 0.262, 0.575, 0.602, 0.25
0.093, 3.156, 0.184, 0.65, 0.633, 0.453
0.074, 4.241, 0.258, 0.616, 0.616, 0.061
0.116, 4.056, 0.412, 0.59, 0.582, 0.397
0.116, 3.277, 0.345, 0.695, 0.618, 0.288
0.103, 3.524, 0.407, 0.582, 0.588, 0.043
0.135, 3.585, 0.434, 0.578, 0.593, 0.481
0.08, 4.293, 0.228, 0.396, 0.6, 0.137
0.073, 4.168, 0.155, 0.441, 0.64, 0.129
0.071, 3.819, 0.289, 0.662, 0.615, 0.102
0.115, 4.236, 0.373, 0.512, 0.581, 0.192
0.101, 3.589, 0.245, 0.63, 0.617, 0.356
0.142, 3.856, 0.459, 0.561, 0.566, 0.473
0.076, 4.295, 0.422, 0.63, 0.577, 0.065
0.117, 3.715, 0.376, 0.617, 0.571, 0.332
0.086, 3.83, 0.224, 0.608, 0.614, 0.201
0.062, 3.712, 0.135, 0.634, 0.624, 0.389
0.087, 4.086, 0.207, 0.559, 0.605, 0.234
0.081, 3.554, 0.247, 0.492, 0.593, 0.315
0.063, 3.808, 0.316, 0.605, 0.63, 0.106
0.084, 4.277, 0.244, 0.455, 0.643, 0.166
0.128, 4.171, 0.346, 0.609, 0.588, 0.248
0.171, 3.778, 0.482, 0.587, 0.546, 0.332
0.163, 3.614, 0.46, 0.661, 0.585, 0.438
0.18, 3.415, 0.667, 0.61, 0.555, 0.398
0.113, 3.914, 0.407, 0.55, 0.573, 0.302
0.103, 4.066, 0.363, 0.609, 0.603, 0.29
0.08, 3.855, 0.121, 0.625, 0.629, 0.323
0.134, 3.617, 0.475, 0.512, 0.571, 0.286
0.091, 4.301, 0.278, 0.479, 0.603, 0.19
0.14, 3.324, 0.374, 0.476, 0.601, 0.353
0.083, 3.632, 0.434, 0.61, 0.589, 0.274
0.105, 3.845, 0.407, 0.533, 0.571, 0.458
0.064, 4.108, 0.275, 0.443, 0.576, 0.156
0.155, 3.52, 0.527, 0.459, 0.557, 0.226
0.126, 3.653, 0.249, 0.651, 0.585, 0.353
0.089, 3.976, 0.149, 0.359, 0.617, 0.419
0.102, 3.497, 0.271, 0.656, 0.606, 0.299
0.158, 4.219, 0.483, 0.559, 0.571, 0.283
0.141, 3.905, 0.311, 0.433, 0.578, 0.446
0.156, 3.911, 0.457, 0.496, 0.578, 0.331
0.077, 4.078, 0.265, 0.615, 0.649, 0.054
0.071, 3.683, 0.329, 0.599, 0.604, 0.424
0.065, 4.057, 0.226, 0.701, 0.638, 0.031
0.149, 4.036, 0.403, 0.6, 0.569, 0.366
0.141, 3.742, 0.428, 0.664, 0.586, 0.317
0.162, 3.489, 0.349, 0.712, 0.601, 0.389
0.136, 3.646, 0.429, 0.542, 0.563, 0.359
0.081, 4.233, 0.318, 0.556, 0.576, 0.123
0.075, 3.883, 0.281, 0.513, 0.571, 0.442
0.102, 4.339, 0.135, 0.494, 0.647, 0.179
0.085, 4.079, 0.278, 0.44, 0.624, 0.035
0.09, 4.166, 0.298, 0.596, 0.618, 0.039
0.055, 4.314, 0.219, 0.55, 0.624, 0.19
0.129, 3.722, 0.446, 0.639, 0.609, 0.197
0.091, 4.243, 0.121, 0.546, 0.636, 0.174
0.182, 3.986, 0.509, 0.508, 0.566, 0.09
0.089, 3.883, 0.189, 0.657, 0.652, 0.431
0.096, 3.949, 0.396, 0.621, 0.579, 0.142
0.071, 4.004, 0.246, 0.495, 0.618, 0.084
0.119, 4.048, 0.323, 0.562, 0.597, 0.017
0.05, 4.363, 0.34, 0.526, 0.58, 0.115
0.09, 4.311, 0.322, 0.521, 0.607, 0.066
0.166, 3.191, 0.485, 0.601, 0.547, 0.424
0.061, 4.104, 0.195, 0.583, 0.617, 0.046
0.107, 3.691, 0.15, 0.677, 0.618, 0.436
0.109, 3.766, 0.441, 0.667, 0.602, 0.392
0.059, 3.769, 0.271, 0.548, 0.583, 0.399
0.105, 3.844, 0.153, 0.482, 0.609, 0.309
0.051, 4.388, 0.276, 0.583, 0.631, 0.132
0.111, 3.644, 0.215, 0.517, 0.624, 0.341
0.068, 4.312, 0.241, 0.562, 0.601, 0.232
0.092, 4.099, 0.406, 0.501, 0.563, 0.11
0.208, 4.084, 0.618, 0.612, 0.537, 0.267
0.081, 3.404, 0.267, 0.524, 0.607, 0.167
0.137, 3.737, 0.461, 0.542, 0.56, 0.472
0.072, 3.538, 0.11, 0.59, 0.626, 0.361
0.141, 4.036, 0.316, 0.449, 0.584, 0.131
0.143, 4.078, 0.24, 0.553, 0.576, 0.471
0.057, 3.751, 0.277, 0.48, 0.598, 0.271
0.15, 3.723, 0.441, 0.585, 0.574, 0.274
0.148, 3.832, 0.351, 0.518, 0.578, 0.298
0.101, 3.15, 0.279, 0.593, 0.597, 0.467
0.082, 4.145, 0.345, 0.586, 0.583, 0.233
0.088, 4.453, 0.308, 0.594, 0.611, 0.051
0.079, 3.981, 0.312, 0.492, 0.604, 0.434
0.07, 4.154, 0.337, 0.589, 0.586, 0.376
0.11, 3.327, 0.402, 0.666, 0.606, 0.065
0.087, 4.052, 0.372, 0.598, 0.59, 0.112
0.115, 3.694, 0.261, 0.414, 0.586, 0.326
0.079, 4.193, 0.421, 0.512, 0.575, 0.05
0.152, 3.861, 0.424, 0.5, 0.571, 0.479
0.111, 4.081, 0.353, 0.568, 0.563, 0.17
0.101, 3.451, 0.49, 0.541, 0.574, 0.429
0.129, 3.714, 0.458, 0.606, 0.598, 0.206
0.201, 3.725, 0.333, 0.527, 0.585, 0.368
0.064, 4.202, 0.288, 0.611, 0.599, 0.32
0.13, 4.187, 0.357, 0.602, 0.576, 0.174
0.098, 3.72, 0.298, 0.506, 0.609, 0.044
0.088, 2.983, 0.197, 0.643, 0.613, 0.401
0.078, 4.182, 0.192, 0.462, 0.612, 0.115
0.075, 3.995, 0.358, 0.476, 0.609, 0.182
0.079, 3.683, 0.203, 0.395, 0.607, 0.337
0.097, 3.537, 0.299, 0.633, 0.571, 0.252
0.087, 3.759, 0.211, 0.511, 0.647, 0.108
0.151, 3.796, 0.235, 0.514, 0.544, 0.403
0.078, 3.741, 0.3, 0.526, 0.601, 0.061
0.092, 3.439, 0.365, 0.63, 0.608, 0.025
0.126, 4.02, 0.362, 0.568, 0.604, 0.368
0.108, 4.217, 0.193, 0.55, 0.632, 0.223
0.168, 3.886, 0.279, 0.633, 0.595, 0.144
0.087, 3.335, 0.236, 0.412, 0.603, 0.436
0.062, 3.397, 0.346, 0.666, 0.64, 0.313
0.136, 4.146, 0.315, 0.624, 0.598, 0.291
0.065, 3.941, 0.159, 0.484, 0.613, 0.216
0.066, 4.048, 0.188, 0.5, 0.642, 0.191
0.091, 3.685, 0.339, 0.591, 0.625, 0.314
0.06, 4.017, 0.137, 0.597, 0.643, 0.151
0.11, 3.589, 0.372, 0.572, 0.595, 0.158
0.071, 3.806, 0.232, 0.472, 0.59, 0.299
0.078, 3.815, 0.242, 0.607, 0.616, 0.468
0.119, 3.694, 0.444, 0.577, 0.588, 0.266
0.185, 3.752, 0.307, 0.542, 0.587, 0.406
0.068, 3.467, 0.344, 0.62, 0.594, 0.265
0.094, 3.766, 0.22, 0.527, 0.613, 0.403
0.118, 3.986, 0.386, 0.589, 0.57, 0.13
0.102, 3.315, 0.304, 0.741, 0.589, 0.486
0.072, 3.054, 0.143, 0.601, 0.64, 0.459
0.091, 4.049, 0.15, 0.608, 0.601, 0.449
0.088, 4.611, 0.361, 0.589, 0.592, 0.1
0.086, 3.756, 0.336, 0.598, 0.586, 0.457
0.118, 3.187, 0.349, 0.651, 0.596, 0.383
0.081, 4.106, 0.274, 0.622, 0.6, 0.292
0.116, 3.663, 0.189, 0.372, 0.615, 0.055
0.076, 4.412, 0.379, 0.787, 0.599, 0.021
0.111, 4.122, 0.32, 0.49, 0.593, 0.078
0.052, 3.473, 0.255, 0.598, 0.624, 0.227
0.147, 4.176, 0.453, 0.542, 0.564, 0.32
0.089, 3.748, 0.379, 0.659, 0.625, 0.103
0.148, 3.947, 0.453, 0.414, 0.559, 0.392
0.081, 4.081, 0.431, 0.395, 0.569, 0.172
0.111, 4.181, 0.325, 0.538, 0.596, 0.162
0.079, 3.468, 0.373, 0.65, 0.608, 0.482
0.103, 4.06, 0.341, 0.559, 0.599, 0.471
0.162, 4.028, 0.391, 0.619, 0.61, 0.1
0.077, 3.547, 0.261, 0.616, 0.594, 0.458
0.056, 3.454, 0.149, 0.481, 0.624, 0.208
0.164, 3.521, 0.466, 0.532, 0.55, 0.198
0.155, 3.839, 0.377, 0.358, 0.572, 0.366
0.051, 4.245, 0.184, 0.58, 0.629, 0.162
0.148, 3.588, 0.351, 0.603, 0.595, 0.462
0.101, 3.541, 0.482, 0.646, 0.577, 0.312
0.077, 4.295, 0.395, 0.51, 0.605, 0.263
0.076, 3.873, 0.285, 0.48, 0.6, 0.155
0.135, 4.147, 0.334, 0.644, 0.596, 0.149
0.13, 3.647, 0.434, 0.562, 0.594, 0.461
0.079, 4.543, 0.337, 0.529, 0.613, 0.118
0.109, 4.175, 0.202, 0.622, 0.608, 0.291
0.127, 3.968, 0.293, 0.59, 0.633, 0.073
0.069, 3.891, 0.28, 0.462, 0.582, 0.422
0.094, 3.879, 0.401, 0.422, 0.592, 0.394
0.063, 3.941, 0.221, 0.622, 0.645, 0.262
0.074, 3.693, 0.256, 0.478, 0.6, 0.397
0.216, 3.36, 0.54, 0.758, 0.586, 0.497
0.159, 3.215, 0.27, 0.596, 0.597, 0.496
0.102, 4.137, 0.27, 0.537, 0.593, 0.281
0.17, 3.692, 0.57, 0.501, 0.54, 0.43
0.104, 3.567, 0.327, 0.624, 0.612, 0.381
0.098, 4.346, 0.347, 0.385, 0.581, 0.08
0.074, 3.93, 0.329, 0.518, 0.583, 0.159
0.107, 4.345, 0.375, 0.51, 0.572, 0.147
0.204, 3.873, 0.315, 0.469, 0.592, 0.46
0.081, 3.958, 0.187, 0.538, 0.634, 0.448
0.108, 3.949, 0.429, 0.555, 0.596, 0.311
0.132, 4.546, 0.471, 0.548, 0.588, 0.195
0.157, 4.227, 0.206, 0.491, 0.602, 0.033
0.17, 3.361, 0.328, 0.634, 0.594, 0.5
0.076, 4.023, 0.11, 0.473, 0.617, 0.298
0.106, 4.12, 0.252, 0.451, 0.595, 0.224
0.097, 4.018, 0.258, 0.533, 0.592, 0.434
0.057, 4.401, 0.21, 0.5, 0.628, 0.131
0.106, 4.056, 0.591, 0.573, 0.57, 0.06
0.107, 4.202, 0.358, 0.539, 0.583, 0.145
0.091, 3.789, 0.139, 0.513, 0.649, 0.217
0.157, 3.913, 0.109, 0.518, 0.581, 0.484
0.079, 3.887, 0.313, 0.537, 0.585, 0.169
0.186, 3.772, 0.472, 0.546, 0.541, 0.309
0.096, 3.461, 0.248, 0.81, 0.605, 0.408
0.107, 3.926, 0.509, 0.693, 0.565, 0.171
0.095, 3.981, 0.191, 0.6, 0.625, 0.275
0.151, 3.839, 0.519, 0.634, 0.57, 0.395
0.161, 3.717, 0.365, 0.545, 0.569, 0.357
0.131, 3.934, 0.165, 0.548, 0.602, 0.427
0.103, 4.137, 0.315, 0.618, 0.605, 0.325
0.157, 4.035, 0.545, 0.568, 0.565, 0.13
0.154, 3.786, 0.699, 0.538, 0.538, 0.189
0.078, 3.679, 0.397, 0.55, 0.585, 0.146
0.14, 4.068, 0.355, 0.639, 0.585, 0.25
0.069, 4.306, 0.134, 0.688, 0.615, 0.238
0.116, 3.549, 0.277, 0.448, 0.608, 0.234
0.139, 3.385, 0.353, 0.53, 0.58, 0.433
0.079, 3.473, 0.114, 0.496, 0.668, 0.447
0.071, 3.898, 0.157, 0.413, 0.61, 0.091
0.164, 3.792, 0.341, 0.504, 0.585, 0.357
0.113, 4.05, 0.457, 0.612, 0.585, 0.262
0.087, 4.436, 0.223, 0.516, 0.608, 0.221
0.097, 3.657, 0.309, 0.6, 0.613, 0.091
0.094, 3.406, 0.362, 0.475, 0.587, 0.39
0.073, 3.881, 0.168, 0.679, 0.621, 0.23
0.086, 3.363, 0.378, 0.633, 0.602, 0.148
0.15, 3.665, 0.279, 0.547, 0.593, 0.249
0.069, 3.562, 0.261, 0.475, 0.581, 0.391
0.087, 3.713, 0.384, 0.575, 0.581, 0.218
0.092, 3.992, 0.269, 0.512, 0.586, 0.255
0.106, 3.35, 0.432, 0.489, 0.583, 0.496
0.096, 3.391, 0.44, 0.627, 0.599, 0.322
0.062, 3.958, 0.228, 0.442, 0.615, 0.04
0.129, 3.923, 0.158, 0.546, 0.604, 0.229
0.088, 4.183, 0.322, 0.647, 0.617, 0.377
0.118, 4.015, 0.345, 0.565, 0.581, 0.172
0.051, 3.839, 0.305, 0.602, 0.611, 0.11
0.151, 3.947, 0.509, 0.576, 0.597, 0.167
0.12, 3.33, 0.406, 0.62, 0.577, 0.414
0.098, 4.528, 0.258, 0.554, 0.609, 0.021
0.064, 3.998, 0.333, 0.438, 0.628, 0.195
0.08, 3.849, 0.279, 0.566, 0.607, 0.242
0.145, 3.889, 0.505, 0.71, 0.574, 0.379
0.135, 3.544, 0.469, 0.486, 0.576, 0.436
0.057, 3.773, 0.223, 0.395, 0.609, 0.248
0.061, 4.31, 0.159, 0.534, 0.62, 0.212
0.071, 3.774, 0.224, 0.478, 0.622, 0.288
0.118, 3.228, 0.292, 0.448, 0.591, 0.296
0.161, 3.365, 0.141, 0.43, 0.632, 0.484
0.108, 4.035, 0.27, 0.563, 0.595, 0.158
0.143, 3.347, 0.279, 0.553, 0.592, 0.459
0.076, 3.148, 0.255, 0.604, 0.619, 0.248
0.132, 4.175, 0.231, 0.419, 0.603, 0.149
0.131, 3.615, 0.246, 0.522, 0.595, 0.379
0.094, 4.504, 0.103, 0.599, 0.631, 0.479
0.135, 4.03, 0.417, 0.359, 0.56, 0.179
0.121, 3.879, 0.269, 0.573, 0.602, 0.278
0.107, 3.778, 0.206, 0.559, 0.59, 0.333
0.118, 3.684, 0.35, 0.473, 0.596, 0.357
0.093, 3.359, 0.243, 0.728, 0.616, 0.484
0.084, 3.905, 0.147, 0.544, 0.633, 0.302
0.149, 4.292, 0.378, 0.588, 0.592, 0.389
0.114, 3.889, 0.37, 0.596, 0.605, 0.209
0.066, 4.09, 0.26, 0.568, 0.607, 0.315
0.056, 3.674, 0.212, 0.74, 0.623, 0.3
0.127, 4.195, 0.349, 0.509, 0.58, 0.129
0.099, 4.007, 0.105, 0.303, 0.634, 0.201
0.132, 3.709, 0.457, 0.645, 0.591, 0.42
0.112, 3.751, 0.476, 0.722, 0.595, 0.49
0.076, 4.224, 0.197, 0.525, 0.609, 0.335
0.148, 3.487, 0.424, 0.547, 0.569, 0.442
0.073, 3.957, 0.285, 0.523, 0.597, 0.345
0.102, 3.852, 0.335, 0.43, 0.607, 0.049
0.058, 4.19, 0.271, 0.568, 0.608, 0.104
0.069, 4.119, 0.322, 0.48, 0.607, 0.435
0.137, 3.574, 0.378, 0.62, 0.581, 0.162
0.076, 3.896, 0.428, 0.662, 0.597, 0.068
0.099, 3.972, 0.367, 0.431, 0.596, 0.097
0.092, 4.371, 0.324, 0.418, 0.616, 0.089
0.089, 3.45, 0.379, 0.664, 0.606, 0.28
0.103, 3.748, 0.352, 0.556, 0.557, 0.135
0.089, 3.963, 0.295, 0.547, 0.615, 0.11
0.12, 3.692, 0.296, 0.459, 0.582, 0.486
0.052, 3.429, 0.181, 0.51, 0.606, 0.332
0.128, 3.347, 0.492, 0.526, 0.557, 0.47
0.082, 4.067, 0.18, 0.519, 0.607, 0.213
0.093, 3.547, 0.213, 0.484, 0.606, 0.417
0.087, 3.758, 0.346, 0.546, 0.592, 0.402
0.111, 4.62, 0.186, 0.466, 0.596, 0.356
0.111, 3.798, 0.203, 0.527, 0.561, 0.4
0.113, 3.585, 0.352, 0.587, 0.591, 0.4
0.133, 3.992, 0.298, 0.568, 0.62, 0.362
0.067, 3.863, 0.151, 0.498, 0.617, 0.398
0.109, 4.085, 0.18, 0.543, 0.595, 0.376
0.101, 4.136, 0.395, 0.557, 0.589, 0.063
0.081, 3.839, 0.187, 0.551, 0.641, 0.239
0.113, 4.298, 0.399, 0.433, 0.576, 0.111
0.12, 3.843, 0.431, 0.586, 0.571, 0.244
0.152, 3.546, 0.564, 0.524, 0.534, 0.366
0.053, 3.552, 0.404, 0.486, 0.599, 0.157
0.057, 3.244, 0.169, 0.715, 0.644, 0.154
0.202, 3.879, 0.54, 0.411, 0.566, 0.454
0.111, 3.948, 0.456, 0.553, 0.589, 0.212
0.156, 4.059, 0.373, 0.576, 0.585, 0.388
0.131, 3.955, 0.238, 0.566, 0.581, 0.456
0.151, 3.49, 0.368, 0.635, 0.601, 0.381
0.065, 3.014, 0.337, 0.553, 0.619, 0.417
0.086, 4.011, 0.369, 0.582, 0.602, 0.438
0.083, 3.892, 0.263, 0.432, 0.601, 0.156
0.092, 4.128, 0.203, 0.422, 0.614, 0.221
0.166, 4.369, 0.415, 0.59, 0.563, 0.368
0.092, 4.636, 0.162, 0.465, 0.617, 0.171
0.101, 4.322, 0.315, 0.581, 0.6, 0.124
0.06, 3.793, 0.237, 0.338, 0.594, 0.171
0.106, 4.403, 0.204, 0.56, 0.623, 0.387
0.059, 4.487, 0.183, 0.562, 0.599, 0.049
0.105, 3.937, 0.397, 0.621, 0.573, 0.483
0.057, 4.038, 0.279, 0.646, 0.605, 0.003
0.099, 3.487, 0.393, 0.609, 0.595, 0.405
0.059, 4.078, 0.196, 0.691, 0.609, 0.203
0.128, 3.307, 0.375, 0.566, 0.586, 0.487
0.086, 3.716, 0.193, 0.761, 0.629, 0.348
0.053, 4.181, 0.257, 0.475, 0.587, 0.125
0.08, 4.349, 0.186, 0.514, 0.599, 0.017
0.123, 3.94, 0.469, 0.669, 0.557, 0.391
0.152, 3.837, 0.413, 0.544, 0.546, 0.299
0.101, 3.44, 0.306, 0.484, 0.576, 0.338
0.185, 3.739, 0.588, 0.542, 0.537, 0.21
0.173, 3.872, 0.454, 0.529, 0.563, 0.319
0.141, 3.901, 0.312, 0.434, 0.578, 0.444
0.129, 3.33, 0.525, 0.568, 0.577, 0.296
0.078, 4.146, 0.28, 0.544, 0.597, 0.344
0.103, 3.979, 0.35, 0.658, 0.596, 0.472
0.111, 3.787, 0.383, 0.697, 0.598, 0.032
0.095, 4.48, 0.531, 0.467, 0.559, 0.47
0.105, 3.229, 0.249, 0.549, 0.606, 0.372
0.092, 3.353, 0.306, 0.506, 0.585, 0.398
0.15, 3.925, 0.407, 0.498, 0.571, 0.272
0.081, 3.958, 0.187, 0.538, 0.634, 0.448
0.146, 3.609, 0.52, 0.684, 0.576, 0.415
0.095, 3.876, 0.313, 0.554, 0.589, 0.03
0.095, 3.385, 0.45, 0.504, 0.569, 0.315
0.116, 3.143, 0.357, 0.644, 0.582, 0.492
0.073, 3.831, 0.219, 0.424, 0.605, 0.181
0.073, 3.977, 0.258, 0.485, 0.61, 0.127
0.067, 4.305, 0.37, 0.591, 0.605, 0.08